ITZ_GEOID,SQUARE_METER_GREENSPACE_COVERAGE

"BX363",26254.46878127999
"BX361",47572.25582304003
"BX240",53608.83987888014
"BX218",94827.85163424003
"BX220",25125.603942240014
"BX334",2014615.359148322
"BX60",91965.53219760003
"QN136",46664.73247679993
"QN138",30626.532295199995
"QN749",193470.39499392067
"QN773",118758.07216080015
"QN775",75525.80507711999
"QN383.02",1987835.6398046394
"QN757.01",46028.76471648004
"QN216",311298.34514400025
"QN769.01",45851.45926463999
"QN769.02",19816.845527519996
"QN1507.01",308245.7835072
"QN1529.01",574414.8743937598
"QN1507.02",288398.6283628802
"QN1529.02",289466.1307440004
"BK101",44435.965321440155
"BK1502",47962.72730016003
"BK145",44093.942779679994
"BK147",13279.258602720003
"BK175",1461423.255212161
"BK143",55651.80095424009
"QN892",894562.9308705599
"QN884",566979.8673283202
"BK702.02",1907553.5706916829
"BK666",2173416.3834811216
"BX175",33594.017973120004
"BX179.02",20295.18005472001
"BX221.02",8275.315062240003
"BX223",13957.822406879997
"BX147.02",33224.77484064006
"BX145",35914.36430016001
"BX225",36125.765167679994
"BX147.01",38823.25138560001
"BX177.02",33599.47602672002
"BX181.02",11537.60531184001
"BX181.01",18103.295406240002
"BX177.01",18340.453641600012
"BX179.01",8567.448671519995
"BX171",141365.09791440002
"BK360.02",24505.70840784
"BK356.02",55207.190230560016
"BK362",54143.70590592003
"BK360.01",30596.292355679983
"BK352",155190.57994080058
"SI198",2579222.0879971203
"QN799",54465.475584959975
"QN1205",38001.686577120025
"QN845",43228.59741360006
"QN803.01",55152.958080960045
"QN797.02",133307.47790064008
"QN837",285374.9827972799
"QN496",60237.63436319995
"QN540",161576.78136192018
"QN542",142035.55592832045
"QN558",56531.12822784
"QN548",51602.714858880005
"QN568",190552.1014756802
"QN492",170558.34533424012
"SI244.01",1002763.8035006403
"BK20",32941.095408
"BK18",787158.0282614414
"BK22",100556.16017760005
"BK38",67120.86704832001
"BK44",230391.87469920036
"BK46",171732.57008256018
"SI189.01",384900.52310064033
"SI189.02",252513.08723088005
"BX138",291667.8166631994
"BX118",354148.2233150409
"QN564",56943.01385567994
"QN560",57739.95935856009
"QN554",57707.39684303999
"QN562",51839.33890176001
"QN1621",202217.0536296001
"BK864",41657.816039040015
"BK866",37296.06476256
"BK868",27574.528076639977
"BK870",32918.47351775999
"BK878",32227.181997119944
"BK880",41328.33540767998
"BK876",51799.66930368
"BK882",55370.95506431997
"BK808",112974.78824352004
"QN938",253042.30939824015
"QN934.01",189398.73345984018
"QN934.02",132287.4025214401
"QN1409.02",174194.4774167998
"QN1341",176944.87191600027
"QN1347",408930.1963315205
"QN1417",223357.21005888033
"BK702.03",825476.5838822402
"BX516",428542.14420432027
"BX456",283811.93560080027
"BX504",3305721.2827377613
"QN1567",661626.3025512032
"QN1551.01",310937.85812304076
"QN1551.02",429221.35832976014
"BK499",25955.506798559996
"BK517",90293.09167152029
"BK569",27991.174985280006
"BK591",75582.3133512
"BK501",34514.15290704
"BK515",74008.07133840017
"BK519",60839.62283664003
"BK477",46659.87829296006
"BK497",32110.89061680001
"BK439",38488.84689312002
"QN549",42464.95765056001
"QN551",31061.806263359984
"QN553",26594.261650079996
"QN583",28403.78061168001
"QN557",49423.20954047999
"QN559",18421.720575840012
"QN555",21454.72612271997
"QN565",12979.344363839999
"BK460",66714.55560288003
"BK516.01",20178.67964255999
"BK516.02",21396.15075600002
"BK518",85321.43193744002
"BK764",64785.354300000065
"BK790",35063.83696896
"BK766",23852.66971391999
"BK772",124615.21399487997
"BK770",50549.612448959975
"BK788",31939.461282240016
"SI89",3.08902608
"SI67",448529.62939056044
"SI97",581861.1924043201
"SI81",391766.31324000016
"QN394",101352.78051983993
"QN352",139853.84416272002
"QN376",248779.7553427202
"QN366",95207.54635872012
"QN62.01",118188.97136352015
"QN88",132648.1217999999
"QN864",278850.1003631976
"QN58",155810.03418576004
"QN86",89825.09260751994
"QN62.02",488730.47027904075
"BK798.02",13674.770069759998
"BK213",28450.185680160022
"BK327",19774.923030720023
"BK177",1583926.9456881608
"QN1072.02",2455274.637828001
"QN657.02",16041.823400159998
"QN657.03",42006.03985872001
"QN659",28259.153804160007
"QN613.02",429730.8386011204
"QN619",23782.922756640008
"QN621",18955.285960320005
"QN655.01",612229.7561831997
"QN633.02",12263.8980528
"QN635",16160.78574288002
"QN639",33642.513360000085
"QN637",90181.42221744005
"QN561",1785478.62774528
"QN641.02",1700651.439980642
"SI291.02",4779350.766440641
"QN1211",700711.5172838408
"QN1207",325691.11635839974
"QN1339",71831.09762784006
"QN1277",406579.7261937601
"QN1333",211286.2251686401
"QN153",33227.19031968001
"QN161",21547.88464608003
"QN159",41637.44704752001
"QN169",100034.64896256
"QN163",90425.13011711992
"QN295",63740.659615200006
"QN171",380033.56509264
"QN255",41723.35913376001
"QN779.04",88327.77431184011
"QN779.06",70417.81013184003
"QN779.07",56675.54600352005
"QN779.08",73139.10275376018
"QN1227.01",181622.70256031989
"QN1227.02",126436.90325472003
"QN1257",98434.99796832
"BK110",8066.67806015999
"BK114",26674.599553919994
"BK222",43976.768820480225
"BK112",20615.045221440014
"BK224",26452.35225648001
"BK230",32547.558130560064
"BK226",8793.690799679995
"BK498",19815.40553040002
"BK90",9690.34449024
"BK92",11675.241165600015
"BK188",52230.971666880105
"BK190",56492.61991776001
"BK192",59794.904926079995
"BK194",52341.31725264002
"BK196",45226.26825696007
"BK198",33420.103482239996
"BK208",30969.04257792003
"BK210",33961.49594784004
"BK250",43859.52518400001
"BK262",52578.24323039995
"BK200",25220.01665664001
"BX434",50145.27519312
"BX414",124786.29494304016
"BX442",57468.72893328008
"BX444",136962.9802670401
"BX93",825796.4722747197
"SI29",151768.7751715202
"SI33",426203.40307536034
"SI39",265117.0568616002
"SI47",402061.2707145601
"SI40",398674.2581337601
"SI128.05",452895.81678719993
"SI128.06",557913.8777183999
"QN28",67571.47001808001
"QN124",47748.58579296
"QN126.01",42111.11319696004
"QN126.02",43179.707188800116
"QN128",44499.88261295998
"QN130",56424.59166672012
"QN24",30619.425212639973
"QN26",33374.395186559996
"QN132",54380.81768976005
"QN779.02",167180.1353164803
"QN152",58142.229521759975
"QN206",36153.05543568
"QN150",46689.46791120006
"QN148",54141.89429664002
"QN212",52842.73818528006
"QN208",127137.50830512044
"QN142.02",170068.60695888
"SI9901",44220.03543072
"QN106",45223.17923087999
"QN154",37385.48393856001
"QN122",50777.17844543999
"QN144",46541.82175487999
"QN120",41760.659704320045
"QN110",47432.39029632002
"QN108",43701.63646752
"QN118",44096.72987088005
"BK628",195178.53351311997
"QN716",4725349.782829923
"BX131",42176.12209919999
"BX77",20813.997081599995
"BX75",78954.4382198401
"BX79",49071.96637200001
"BX87",63035.22360672
"BX129.01",31861.74788927999
"BX185",86179.06635120003
"BX85",35275.77202895997
"BX133",57398.02971984007
"BX135",60359.49992592006
"SI154",939107.9179094405
"BK236",53889.267705119964
"BK238",52954.96505759994
"BK240",54422.136316800046
"BK242",62979.80694336002
"BK470",63149.07628224007
"BK472",54131.303350080016
"BK234",52374.85525008002
"BK216",57046.623971040055
"BK218",45754.677522720056
"BK452",47777.54831568001
"BK462.01",35925.32685887996
"BK448",86360.66856864041
"BK450",130013.39158559997
"BK468",153302.62758767986
"BK458",62960.529562560005
"BK462.02",38603.558921760545
"BK464",40214.61376416002
"BK474",56690.71242480018
"QN1032.01",143737.77187872038
"QN998.01",129719.74830191999
"QN1008.02",443798.1007891195
"QN992",275762.23557120014
"QN1032.02",203676.2816788802
"BK1182.01",12137.782176000004
"QN34",53325.13722048003
"BK1186",33093.735102720006
"QN6",44375.97318335998
"BK1184",36915.90552288001
"QN4",37048.26912911998
"BK1182.02",16686.94210992
"QN36",45851.29668432003
"QN42",46483.896709440014
"QN446.02",33548.77419263998
"QN254",204519.91095936042
"QN446.01",30608.811040320023
"QN460",26709.600774240003
"QN440",124592.19726672006
"QN246",141737.1745896002
"QN462",40178.009966399986
"QN444",134697.58608816008
"QN918",376798.3096276802
"SI226",4195869.948888483
"BK550",48267.63507744004
"BK560",53844.674245919996
"BK562",56111.90325984001
"BK564",48198.16682928
"BK640",40652.62837200004
"BK642",88888.16544912008
"BK644",48340.70331840001
"BK546",37973.513730239996
"BK548",54631.493317440094
"SI169.01",265113.48009455996
"SI177",1571500.3279608013
"BK553",54534.967058880036
"BK557",119163.54747888
"BK555",121741.44425856006
"SI112.01",617549.0590929607
"SI70",1138222.2422606407
"QN1429",163382.7467822401
"SI156.03",305495.4819110399
"SI156.01",537601.76608464
"SI156.02",318163.8798000001
"BK74",33652.26817920005
"BK76",39825.72163872002
"BK78",41501.29764240003
"BK102",40734.91723968001
"BK70",42662.88757728001
"BK72",9884.813778720003
"BK122",37389.64134960006
"QN594",72965.14181136008
"QN596",54079.835065920015
"QN600",50904.385932959995
"QN590",51070.426891200026
"QN592",87935.46799968112
"QN622",162748.9854691201
"QN140",60222.11955551993
"QN142.01",45484.56193392002
"QN280",42343.81208640004
"QN284",123854.84906400004
"QN426",310821.6131942401
"QN432",89840.23580303992
"QN278",53199.578761919984
"QN282",43126.21826352012
"QN334.01",213769.03568687936
"BX394",13521.89811744002
"BX396",43385.975163360075
"BX398",50859.049249439995
"BX404",51322.49606447999
"BX406",41224.44658320002
"BX388",39471.807507839985
"BX390",29772.614003040002
"QN185.01",10034.062512480003
"QN185.02",7208.3236478399995
"QN189",22152.42795312005
"QN187",23663.031383520007
"QN183",60677.46058032001
"QN253.01",21951.989644319983
"QN181.01",15493.858044479992
"QN181.02",11828.159569439998
"QN235",11109.020362559995
"QN229",957589.93255824
"SI8",282623.9844283204
"SI6",383920.6050604801
"QN664",1332019.214665921
"BK620",144530.0257780801
"BK364",43966.31722848004
"BK366",78078.01416623998
"BK370",98995.94652383993
"BK606",45500.81996591998
"BK608",132856.92138240003
"BK610.03",19305.29816351999
"BK610.04",50165.59773312001
"BK612",86199.36566543984
"BK340",46748.29876128005
"SI291.04",651820.9673232007
"SI303.01",199982.8748721598
"BX428",44799.19298208
"BX448",56488.23024912008
"BX426",141076.91268432006
"BX458",88624.99436256
"BX484",289746.58179600025
"BX144",129412.05343344015
"BX132",167499.8146771204
"BX110",908702.4251721598
"QN266",50906.47625136001
"QN434",64991.73840336004
"QN424",186042.03049584015
"QN357",234883.78313471997
"QN331",554283.4127212808
"QN347",109840.30935119998
"BK2",73494.34075296001
"BK84",44084.67570143999
"QN1483",599397.7095892801
"QN1113",249890.55054048053
"QN1385.02",1350307.3174444805
"QN1471",124287.19658639996
"SI112.02",896986.2834431991
"SI170.07",992964.3676156793
"SI170.08",277620.62153184024
"SI228",4442848.22138256
"BK137",46678.8072873601
"BK139",47342.947894559984
"BK141",47744.47483344009
"BK121",51075.67591295997
"BK117",77739.40581120005
"BK77",114752.06985024064
"BK119",166800.34768896006
"QN1579.03",206776.20064032005
"QN1617",211645.87606224045
"QN656",179426.42824319992
"BK80",42871.78006272
"BK98",35098.071739200015
"BK108",32681.292056640035
"BK96",31965.450907679988
"BK100",40995.3244608
"BK106",35607.644913600016
"BK706",550282.3110460803
"SI74",170226.00793439985
"SI251",429459.42236976034
"SI273.01",1664164.0032782403
"BK308",153071.90288784003
"BK314",442235.4484305604
"BK348",174799.53169056
"BK350",83378.71324224002
"BK326",109994.78388096
"BK170",26642.75703695999
"BK178",37823.01080544005
"BK168",57947.13313776005
"BK174",60954.26518799999
"BK180",41863.48014383998
"BK154",701009.6663649601
"BK172",37407.85034543999
"BK184",37633.18666895998
"QN788",46507.912145279966
"QN294",370552.69373184023
"QN306",434243.5340918406
"QN149",21077.725586399985
"QN57",45499.33351728003
"QN59",55009.353206879976
"QN155",34000.07393519999
"QN157",18120.877306559993
"QN61",50799.15001440007
"QN63",54735.289238879974
"SI239",169022.9600179201
"SI247",133519.69166976004
"SI303.02",344495.24907264067
"BK256",39893.09956848001
"BK258",41842.135670400006
"BK266",46172.53217088001
"BK268",53970.13980144
"BK270",43080.48674208002
"BK272",39567.38151024001
"BK404",33908.680569600045
"BK426",39564.640870560004
"BK428",36042.524043840014
"BK430",39118.33466640003
"BK432",29415.076653600034
"BK434",31552.98463584001
"BK436",22703.853947040006
"BK453",74471.70395952031
"BK485",124979.76552383993
"BK449",637545.8345831992
"QN646",123575.30381664014
"QN618",75081.28725648006
"QN632",70255.97303616002
"QN616.02",163975.11979103976
"QN638",225160.22580768
"SI141",100893.04982640014
"SI105",274154.98975344
"SI133.02",297551.0642515196
"SI121",227789.40506544014
"SI125",160619.50843776
"SI147",857696.17105584
"QN119",16030.907292960008
"QN121",28611.558260639988
"QN145",29799.74169072
"QN137",41791.87512576003
"QN135",37734.96194928001
"QN141",18972.75173184002
"QN297",133571.9728555199
"QN299",271200.1621147201
"QN317",273658.3068758402
"SI59",632975.9340456001
"QN661",22632.318606240002
"QN671",53578.925100000015
"QN677",34474.69234079997
"QN663",215824.4457696
"BK744",53181.48589488002
"BK746",41057.12820815998
"BK748",50885.01564912003
"BK750",44747.49244032001
"BK752",65191.75864848002
"BK754",58068.069670079974
"BK742",37586.433214079996
"SI114.02",158939.65889423987
"SI122",254478.84587999998
"SI181",2179323.414247678
"BX250",40022.815438080004
"BX252",42130.018965600015
"BX254",38985.64589952002
"BX288",108014.7878409601
"BX256",55967.43903264009
"BX296",268767.8908502402
"BX200",47384.56845648003
"BX286",50852.522810879986
"BX284",437974.3343721604
"BK1134",37262.34095904002
"BK1152",45569.61466704003
"BK1156",31780.20224591998
"BK1160",65245.433379840026
"BK1198",37664.913057120044
"BK1144",72571.76711424
"BK1158",58279.12215120001
"SI279",2293591.1573246405
"SI277.05",102227.71812479988
"SI277.06",80222.05374912017
"SI277.02",273942.2417918415
"SI20.01",213403.20674112006
"SI20.02",293482.2594859195
"SI50",279993.9690432
"SI64",238423.52831328023
"QN1479",353551.2748315199
"BK1130",54978.69520368
"BK1132",60737.24368656002
"BK918",72840.65173776005
"BK920",70092.57981456003
"BK910",78133.77921599994
"BK912",69649.68779712002
"BX312",52180.68789647998
"BX314",62024.39208000003
"BX360",73464.77436048002
"BX310",180664.26834815997
"BX356",104628.44880720001
"BX1",751309.857377281
"QN179",74745.02470320012
"QN1",453910.6199188803
"QN199",634395.23701344
"SI132.03",370960.18969104043
"SI146.05",342223.97877648
"SI146.04",334369.88609760057
"SI146.06",853644.7856102403
"SI96.01",266629.12351487996
"BK221",40906.46270304002
"BK227",62648.00373600003
"BK245",46352.48535936001
"BK247",43311.72240863993
"BK305",59492.13391871999
"BK317.01",38201.59069344
"BK217",26397.887849280003
"BK315",44903.96438544004
"BK215",16344.98924544001
"QN495",21105.735852959995
"QN667.01",43885.79351855998
"QN513",48926.61956591997
"QN511",68641.13239488013
"QN493.02",53108.09249327997
"QN493.01",48559.28094575998
"QN497",50282.37685439999
"QN669",38309.54402591998
"QN517",46827.19666800013
"QN607.01",577739.6187120004
"QN204",63256.65800256008
"QN194",107565.20680464008
"QN198",60624.01810656005
"QN196",62506.07111663997
"QN202",50906.75496048002
"QN413",42431.81449104001
"QN443.01",41677.11664559998
"QN443.02",56984.77377216005
"QN719",47036.832377759994
"QN745",40624.03746144001
"QN455",25427.283338879995
"QN439",24460.02333792004
"QN437.01",23486.37625296003
"QN437.02",33146.13241727998
"QN427",21989.22053760001
"QN614",78548.47516080011
"QN616.01",121987.59086304011
"QN620",63495.65107296001
"QN624",356278.6990540797
"QN612",75000.53128895999
"BK365.02",20482.40290608001
"BK908",72125.36800704006
"BK367",26167.83669647998
"BK369",40004.09547552005
"BK405",21128.984838720004
"BK407",409042.7715902396
"BK1142.01",53265.35411424004
"BK702.01",351527.24275056017
"BK698",81308.62447919998
"BK447",26388.783351359998
"QN539",263707.62484175974
"QN535",150966.41806656
"QN916.02",778124.4850382406
"QN916.01",1589495.7629376
"QN1385.01",396745.0336051201
"QN1291.02",429862.18027391983
"QN552",139095.3605184002
"QN1301",227599.8131865605
"BK133",44073.80604575998
"BK135",51847.49114352002
"BK131",48510.48362400004
"BK71",73509.2981424
"BK127",38789.202421440015
"BK129.01",38162.50173936003
"BK75",94513.5141984
"BX423",38885.960937599986
"BX429.02",7763.024473919995
"BX429.01",16085.673635040015
"BX431",6995.041493759996
"BX421",54382.86155664014
"BX435",3911559.4258977612
"BX419",105132.56392800008
"BX425",59577.16342608001
"BK30",39599.549187839984
"BK34",282544.7613609602
"SI248",612544.7207145601
"BK212",42153.84859536
"BK214",55735.622722080014
"BK116",46736.50007520003
"BK118",67289.64864624005
"QN679",61301.00255904009
"QN505",32120.204146560034
"QN687",67880.16359423996
"QN499",148863.81323952027
"QN507",116117.51228064003
"MN130",23321.89142063999
"MN140",26320.987357920007
"MN128",26111.003261760008
"MN142",25252.207560000006
"MN122",18814.56108048002
"MN143",2383220.0154859205
"BK1028",364173.2045553606
"BK298",46855.20693456002
"BK300",42005.29663440005
"BK406",37893.40808400004
"BK408",38338.18138800001
"BK386",50781.568114080015
"BK398",47696.676219359935
"BK306",46480.99348944003
"BK400",44816.75165664
"BK302",50554.21114944017
"BK304",117497.65661712014
"BK382",108995.70458879998
"BK402",47552.630055839996
"SI170.09",421562.9891303998
"SI170.05",571875.6485044803
"BX328",50018.48576928001
"BX340",25769.003945760025
"BX342",32572.850983199965
"BX344",37206.76171536002
"BX324",100373.18764032001
"BX326",91361.36050271984
"BX318",57003.07567103999
"BX348",132254.49161952
"QN31",45088.21433951995
"QN51",32058.679108320026
"QN55",23609.937296159987
"QN53",51936.51548160008
"QN33",109388.17348128003
"SI207",362863.43427167996
"SI273.02",427660.84274112
"SI176",1762815.4885555198
"QN1283",1263551.6948270402
"QN1571.01",392845.40527535975
"QN1059",203815.07882064
"QN1139",117343.18208736011
"QN1017",287151.73021152
"QN1141",152947.15733088038
"QN997.01",588464.9727451212
"QN1085",150371.79215903996
"QN1291.03",154461.56978592
"QN257",21993.238594079987
"QN249",25844.20895664001
"QN251",43830.53943551996
"QN253.02",7710.116192640007
"SI138",457777.94121648016
"BK662",33860.115505440015
"QN998.02",130974.6361147203
"QN838",122145.75828864033
"QN846.01",88462.01920463999
"QN818",103680.18747792003
"QN840",125023.10479199985
"QN739",62620.50443616002
"QN707",55815.960625920045
"QN709",64964.28555503997
"QN711",97667.92079280011
"QN723",215528.64249024005
"QN737",75605.28362784002
"BK285.01",16311.683505599995
"BK259.01",18223.720971840004
"BK259.02",31094.090069760015
"BK257",28960.896916800004
"BK253",45266.704305120016
"BK283",30625.998102719997
"BK285.02",72167.80147056
"BK491",52912.78707744
"BK507",41842.902120479965
"BK509",39254.13568512002
"BK531",31100.80231440002
"BK255",73473.80918111997
"BK205",38169.72495072005
"BK203",30295.541989440022
"BK199",43070.151278880025
"BK201",56825.25925248001
"BK163",52029.74368224
"BK159",75423.35624976004
"BK207",25773.672323519968
"BK388",37879.77456288001
"BK396",50420.663029440024
"BK410",37438.39221983997
"QN645",46622.90288304
"QN731",46306.66093488003
"BK195",40657.412878559975
"BK197",51512.45955552001
"BK181",57228.76038096
"BK183",36564.73203168004
"BK187",24239.07668304
"BK191",55029.93123023998
"BK193",101565.9697708801
"BK231",40997.8792944
"QN247",20086.35724656002
"QN483",76514.01471360015
"QN489",84863.74511088002
"QN263",43871.83483680002
"QN265",54600.18499296006
"QN479",123359.04876528001
"QN485",90811.72289232006
"QN243",100422.19399392017
"QN531",65136.736823040046
"QN219",295368.8182934399
"QN271",31939.252250400015
"QN457",47433.040617599996
"QN459",43275.58312608
"QN461",32007.11792112
"QN467",44444.95369056007
"QN469",44519.438702879954
"QN473",39134.10495743999
"QN463",54598.23402912
"QN471",58749.977983680066
"QN683",53695.123577280036
"QN475",77496.74307072004
"BX343",38434.87022687998
"BX345",56489.83282656003
"BX337",130162.17580416022
"BX351",199264.54856687988
"BX323",319883.7008764801
"BX335",258978.8833315203
"BK1058.01",206832.87149471996
"BK1058.04",313240.57609824004
"BK1070",854987.6061503992
"QN330",261830.21698367997
"QN320",285790.8864816
"BK104",34206.87610223998
"BK120",33388.21451376008
"BK126",71717.43075840009
"BK403",37513.06303824003
"BK411",20607.055559999993
"BX44",107382.39684768004
"BX48",41324.34057695997
"BX46",28727.083190880025
"BX50.01",14046.939648
"BX24",564366.2493297615
"BX28",100463.97713616006
"QN502.01",63453.33373823998
"QN480",49495.209396479986
"QN482",83339.85654576008
"QN404",161611.4574216001
"QN484",89913.6988819201
"QN500",87102.49934303998
"SI323",1778043.8297116794
"BK784",52761.14609040002
"BK832",32155.20536688004
"BK836",24438.260800800017
"BK838",37103.24450303998
"BK834",30028.399297919997
"BK782",59626.820100959965
"BK830",42115.479639840014
"BK780",50241.33693648001
"BK726",67766.17156416002
"QN230",48282.38343503997
"QN1241",166248.48040560028
"QN450",43921.514737440026
"QN779.05",141386.97658032022
"QN1267",230829.63382368017
"QN452",93637.67078880004
"QN1265",51593.88907008001
"QN220.02",83725.61319360006
"QN358",159720.1141075199
"QN328",134151.40911600005
"QN682",71059.58433216004
"QN650",130383.58697424005
"QN134",50900.55368255999
"QN1291.04",254507.87807999988
"QN861",39248.84021184
"QN1157",89530.70609952
"QN1185",36109.53036144003
"QN1187",67056.06717792003
"QN1191",45020.76673248004
"QN1199",56655.01443167995
"QN1163",49537.43382815997
"QN1171",109111.85661456
"QN1155",51104.31327504007
"QN1167",39696.81867072
"QN1189",62131.90412304003
"SI134",280422.13592880015
"BX409",323506.78008191974
"BX411",10394.549533440013
"BX413",14809.16263968001
"SI208.04",471077.8475198396
"SI208.01",1208180.6468596808
"SI208.03",1009304.3168711995
"QN114",23156.013042719977
"QN116",42820.35823008003
"QN32",52414.71065424
"BK505",50287.556198880025
"BK489",50819.07771648005
"BK493",93947.71145904005
"BK389",34120.05821135995
"BK391",39474.33911568002
"BK417",43826.70718512002
"BK433",49901.35826159996
"BK435",46485.267029279974
"BK441",36324.36864143999
"BK443",33765.74924255999
"QN547",36703.36659312
"BK437",46175.48184240016
"QN334.02",264165.45102288015
"SI9",120347.78252976018
"SI3",166651.84217951994
"SI7",299235.4660440004
"BK589",69360.15547295997
"BK593",30767.907496320007
"QN205",70646.49096479978
"BK41",58630.71370608003
"BK67",59158.21716720002
"BK69",52326.70824960001
"BK43",37680.00980112002
"BK45",70556.14275840003
"BK65",80133.6797323199
"BK5.01",41662.83280320001
"BK49",43708.55774399996
"BK37",14013.215844480004
"BK9",33887.6380310401
"BK11",35846.84701584001
"BK5.02",38622.371787359996
"BK13",118720.02836591999
"BK3.01",109975.1581137599
"BK7",97460.1199180801
"BK1214",81318.86703936003
"BK1116",80228.4176073599
"BK1210",102595.93932383985
"BK1078",93857.22389808009
"BK1220",340748.28366336005
"BK249",52039.544952960074
"BK269",43450.72858224
"BK341",54057.12027264004
"BK313",43671.65201135999
"BK271",73180.07299439999
"BK151",32934.29026031998
"BK153",32602.30124688002
"BK165",29189.020331519972
"BK167",22061.475876960023
"MN149",15204.256043039994
"MN157",23884.11739296
"MN153",29215.613826720022
"BK248",35169.862563359995
"BK252",40361.53992191999
"BK244",32780.16411696004
"SI319.01",126135.24708384009
"SI231",205836.55606799977
"QN964",311155.76220336003
"QN972.02",195392.67502032066
"QN1008.01",272939.9573448002
"BK890",51367.06629791999
"BK884",38796.03079488002
"BK892",26866.32820272001
"BK894",54902.561162400016
"BK886",43497.900100800005
"BK888",44286.53078160002
"QN1175",165782.7806918398
"QN1099",77886.79648416009
"BK243",44489.33811792
"BK233",56625.16933007998
"BK229",52925.932857600026
"BK246",30539.807307360046
"BK254",36633.01576607995
"BK984",25036.55637840002
"BK986",36702.80917488001
"BK1014",52461.51056064004
"BK1016",42077.11068431998
"BK974",65022.419632320045
"BK982",189933.5530353595
"BK988",37461.33927072002
"BK990",50342.20641216004
"BK1012",52147.98602640006
"BK1018",112638.22375536
"QN269.02",16549.701094079996
"QN481",38577.26736143998
"BK235",36153.33414480001
"BK241",32583.55805856001
"BK1237",62619.947017919956
"BX330",21374.48112192001
"BX332.01",10572.296274719998
"BX338",21145.68416016
"BX336",42560.136815040096
"BX332.02",11050.677253440006
"QN472",215451.0916776001
"QN464",98209.03454927998
"QN468",44589.09275712002
"QN458",102400.51777920005
"QN466",88374.50454096044
"BK164",299129.6727072004
"BK440",54724.41958320002
"BK442",58664.18202624001
"BK444",42679.21528655998
"BK454",27409.276794239995
"BK542",49873.85896176001
"BK768",78264.42411600007
"BK128.01",42400.366812000044
"BK130",34903.69535375997
"BK132",51067.89528336002
"BK136",57175.89855119999
"BK66",31968.49348224002
"BK134",86678.04857903994
"BK68",33296.98372847997
"BK206",33665.22815327998
"BK280",46547.88367823999
"BK282",69329.3348894401
"SI170.10",302467.9111920003
"BX365.01",9107.842429440005
"BX373",28100.591540640024
"BX391",20970.678058560006
"BX371",36403.59170879998
"BX393",11717.860435200011
"SI27",106446.0503332802
"SI21",290321.4890332801
"QN987",160884.90919728007
"QN991",406705.1917492802
"QN1377",200370.09474288023
"QN1367",232199.6981803198
"QN599",22311.454731840004
"QN601",28874.148703199964
"QN603",24341.316478559973
"QN521",20745.248832000005
"QN665.01",68524.49262816005
"QN869",116982.83442096009
"QN907",741401.1442915217
"QN383.01",189265.58017776022
"QN793",571813.3570161596
"QN515",49315.18653072004
"SI11",108736.9928481605
"SI77",121289.9819356799
"SI75",135748.3194705599
"SI18",562636.1392416005
"BX130",29067.87476736001
"BX449.01",25227.820512000028
"BX449.02",25803.656779680037
"BK58",36336.8176488
"BK162",71296.51030992002
"BK54",61944.21675648012
"BK56.02",67222.27071647998
"BK52.02",74454.47044559996
"BK56.01",83136.4221139198
"BK336",294484.00974048016
"QN871",103803.79497264005
"QN849",38391.670313280076
"BK481",40565.53177200003
"BK495",27259.331287679997
"SI170.12",399432.0914568003
"QN942.02",325318.29645888
"QN942.01",110614.8652214401
"QN942.03",153208.6561627204
"QN580",185260.64625216002
"BX430",56984.541514560035
"BX436",39237.715072800034
"BK169",23790.86596656008
"BK171",28146.323062080035
"BK502.02",27408.231635040003
"BK155",34249.146985440035
"BK157",43241.185775520054
"SI17",175210.34893343988
"BK970",48269.65571856001
"BK1098",151670.3444006402
"QN245",42826.0485412801
"BK616",257205.38752368037
"BK622",79462.73397743996
"BK1146",24040.171274399996
"BK1172.01",16031.859549120009
"BK1180",501214.4556336005
"BK1142.02",27638.35246512003
"BK36",29453.88689855999
"BK64",48874.24547712001
"BK138",30859.18473312001
"BK62",38433.12829488
"QN928",302767.98801120016
"QN922",276024.7331107198
"QN414",130636.79420975992
"QN258",59706.948972960054
"QN264",79083.10893024017
"BK390",46126.73097216001
"BK374.01",62208.71171135992
"BK374.02",100961.63549567998
"SI187.02",300371.4379655998
"SI151",376361.34017904074
"SI187.01",154919.51209584012
"BX163",414266.5934006407
"BX365.02",14911.239854880016
"BX369.01",11611.045164960013
"BX369.02",12145.37699952
"BX395",118947.17629872011
"BX367",10243.907254080008
"BX165",29673.834845760022
"SI128.04",236816.97926832066
"QN1223",140895.26401536007
"QN94",42837.05755152002
"QN104",47909.563535519985
"QN96",48928.33827216001
"QN98",34750.73049839999
"QN100",59449.444971839985
"BK573",49626.713649600104
"BK575",94419.63567647997
"BK579",264555.5741136002
"BK1164",62463.17313792004
"BK1194",52875.32392656002
"BK1118",44582.24115792002
"BK1166",39446.37530064002
"BK1120",62351.34110352003
"BK1208",107674.43755392052
"BK1196",81260.15231808007
"BK1192",59570.12602079997
"BK806",46643.03961695998
"BK814",34380.20994911999
"BK872",31806.238322879995
"BK874.01",37490.696631359984
"BK816",40302.87165215999
"BK810",54945.99333360003
"BX302",170211.53828591987
"BX462.01",691924.8871152012
"BX392",17458.571534400024
"BX380",36253.204912800036
"BX378",16140.30062256
"BK1188",35838.067678560066
"QN52",27459.351532800007
"QN54",85411.98917568006
"QN44.01",57803.69084400009
"QN50",129340.49486688004
"BK1202",50316.49549584
"BK263",51938.76838032001
"BK279",49234.33766016001
"BK291",46760.09744736
"BK293",44962.144914239994
"BK261",50695.77215664
"BK265",47979.10146095999
"BK281",39275.75886767997
"BK277",44427.67372512001
"BK287",39080.05861392
"BK289",47529.61332768005
"QN329",90476.50549824005
"QN309.04",109504.72034496015
"BK186",27879.203596320018
"BK202",29300.78268863999
"BK150",24993.100981440024
"BK148",22719.39198048
"BK166",50942.59230816003
"QN1579.02",219388.53154464028
"BK964",49553.83121472006
"BK966",48451.04890416003
"BK968",48458.92243679994
"BK962",46492.00249967996
"QN693",22375.209443040025
"QN717.01",45256.09013279995
"QN717.02",50849.87507424
"QN713.04",42634.15731216004
"QN721",42229.634250240015
"QN741",54189.46065311999
"QN743",44517.13935264001
"QN747",106209.98370863998
"BK149",49990.17356783997
"BX462.02",280037.7031492799
"BK476",59846.14095264002
"BK480",38855.16357983992
"BK482",46058.377560480025
"BK484",56271.41777952
"BK478",60583.30334928002
"BX167",20116.89912095999
"BX229.01",18649.05431472
"BX169",19478.724913439997
"BX231",20088.494016480006
"BX229.02",19913.604043680003
"BK397",47843.27721647998
"BK399",39367.94190912005
"BK401",37600.50802464014
"BK413",37021.002086879984
"BK415",42533.91493200005
"BK409",21203.07501312
"BK994",82021.67853695982
"BK996",49003.543283039995
"BK1004",27570.300988320003
"BK1006",36604.680338880025
"BK1008",33442.28408304001
"BK1026",34038.280310399976
"BK998",185655.2983660801
"QN1010.02",246047.38403328013
"QN1010.01",221863.4685302414
"BX368",38206.491328800126
"BX370",42518.30722128001
"BX372",52268.318688959975
"BX382",39427.16759711993
"BX364",39003.715540799996
"BK848",31011.91733088003
"BK850",31480.45058736004
"BK862",26449.332907680004
"BK946",77811.47534447997
"BK852",355612.81651488034
"BK860",28148.622412320023
"BK938",27206.37655488
"QN809",310102.7526964799
"QN502.02",57340.49951232006
"QN504",74713.29831504004
"QN506",79059.48833232008
"QN508",57227.92425359998
"QN518",50613.36716016001
"QN520",46242.48815999997
"QN524",57760.374801599995
"QN522",57149.07279839998
"SI170.11",206272.68938928028
"QN368",53162.510448960056
"QN232",107774.74961136012
"QN214",68257.18735632006
"QN236",44282.76820847999
"QN220.01",142037.66947247984
"BX117",310322.16645120014
"BK503",30198.202829280035
"BK527",46422.46457423998
"BK511",42869.41103520002
"BK513",60690.09539376007
"BX19",533229.3309585598
"BX35",26166.001861440003
"BX73",29488.51650672002
"BX67",64125.88207056005
"BX71",71807.22154655996
"BX65",50188.28930064001
"BX37",126884.02236047997
"BX43",41332.98055968
"BK363",64179.02260944
"BK902",50232.32534159999
"BK924",57699.26782703995
"BK303",56604.614532480016
"BK365.01",24634.982987999996
"BK361",27878.576500800056
"BK906",58666.34202192007
"BX281",29291.63173920002
"QN545",24813.03166416002
"QN589",43365.281011199986
"QN591",46978.37313984003
"QN156",54468.70396559999
"QN158.02",70604.4987907201
"BK636",26397.35365680002
"BK638",31422.688122240033
"BK656",33473.15111808
"BK658",29572.52408064
"QN1047",279622.8213984001
"QN889.01",188418.09542112012
"QN627",14337.122293440025
"QN623",15498.758679840013
"QN625",15453.166512959997
"QN577",14596.159194720021
"QN579",6138.939980160005
"QN613.01",114689.82481344011
"QN629",14734.88665919998
"BK648",45315.52485264003
"BK650",43945.53017328
"BK734",49261.140187200064
"BK738",37051.77621888008
"BK740",36610.97451984002
"BK736",50582.80206000001
"BK732",42235.53359328001
"BK419",53320.00432751995
"BK421",46393.68785760003
"BK429",54649.911345120025
"BK431",36758.156160960054
"BK423",46519.269541920105
"QN846.02",303207.95358287997
"BK840",32797.258276320004
"BK846",34499.427775200005
"BK944.01",96461.5515926401
"MN131",3571.727050080002
"MN147",5732.651760480001
"MN135",91507.00924368014
"MN139",23489.86011696002
"MN133",25753.721395680004
"MN137",4519.105800479996
"MN145",32757.751258560027
"BK342",98125.95600576
"BK330",185743.74206016003
"BK328",86715.14011776011
"BK385",59783.64043248008
"BK375",37938.46605840001
"BK387",51969.797995680055
"BK395",44831.24453088004
"SI277.04",119314.21298400001
"BK179",56973.57895583997
"BK53",780229.0176033588
"SI201",216506.44698624022
"SI197",92748.26353536028
"QN997.03",210062.3205196803
"QN997.04",172570.18389119982
"QN999",172742.68161072
"QN997.05",134386.01251776036
"SI146.07",185362.53766128016
"SI146.08",109115.01531791996
"QN814",114068.34992736
"QN792",117498.81790511997
"QN1571.02",113230.41095807998
"QN803.02",100961.35678656009
"QN40.02",33868.50000479999
"BX276",890866.5047150409
"QN585",33632.41015440002
"QN587",26652.326050079995
"QN593",53989.02234431989
"BK1176.02",19689.266427840023
"BK323",29139.89784912003
"BK329",36288.113230080024
"BK800",54564.78893471998
"BK321",32346.283694399997
"BK798.01",35614.008771840025
"BK325",21502.54796256
"SI132.04",368801.19271871983
"BK956",62156.9182665601
"BK696.02",274088.4944025598
"BK696.01",136790.76125664008
"QN556",60409.83014784002
"QN566",68280.01827840014
"QN981",213699.61389024003
"BK264",50194.04928912003
"BK276",37818.01726703998
"BK182",46039.05372816003
"BK676",44841.44063951999
"BK728",59557.83959376001
"BK722",70947.31100831996
"BK724",51654.299271840006
"BK730",52354.184323679976
"QN1072.01",472933.0747771202
"QN273",51716.10301919998
"QN375",36740.10974543997
"QN411",35792.730995039994
"QN405",30869.682776640024
"QN407",46594.35842400002
"QN409",41004.939925440005
"QN465",43576.890910559996
"QN288",334598.05596384034
"BK578",40369.32055151999
"BK580",42360.07011839999
"BK586",46207.1850048
"BK592",50675.03155296
"BK582",42743.73644784002
"BK394",50812.57450367997
"BK590",52158.04278047997
"BK392",44361.22482576005
"BK584",42962.38375248002
"BX358",203967.48625776026
"BX350",57878.40811391994
"BK508.01",17397.30197952
"BK510.01",16498.883131199997
"BK508.03",12023.372082240006
"BK508.04",28420.06186944
"BK510.02",31199.418891360037
"BK506",45462.42778464002
"BK512",43451.70406416002
"BK1522",177648.49631520035
"QN275",44839.39677264002
"QN277",46974.308631840024
"QN279",61970.345736479976
"QN339",36512.61342624001
"QN351",30316.352270400006
"QN353",33606.67601232003
"QN377",39178.21067568004
"QN1399",118745.97153984004
"QN1129",123766.28924112029
"QN1097",141908.13940896024
"QN1133",87533.29073952
"QN1123",63491.5633392
"QN2",19315.680078240006
"QN12",36575.78749344001
"QN361",40109.93526384008
"QN363",35732.90143727998
"QN367",57721.19294448005
"QN1435",124932.36174768006
"QN1403",108515.65135536005
"QN1447",115617.34553904002
"QN1441",117199.29850416002
"QN1033",185441.6910513602
"QN1147",124407.43634591991
"QN1151",136843.57663488004
"QN567",35085.413699999976
"SI213",304053.3015695998
"BK818",40454.44296191998
"BK824",43039.51650143998
"BK854",27337.602098879997
"BK820",38590.20410976001
"BK826",38142.50435999996
"BK794",50417.24884271999
"BK856",26312.231246400028
"QN582",180429.4326888001
"BK537",35984.55254688003
"BK211",58777.52373504
"BK539",32990.98434048003
"BK543",344894.52311280003
"BK356.01",28023.017502240004
"BK354",115667.09511696002
"QN38",46740.44845440002
"QN112",51016.032161280025
"QN40.01",45904.762383839974
"BX38",15294.093282720005
"BX98",133673.21394336002
"BX74",50252.183366399986
"BX16",168756.21216432005
"BX42",106542.22820544011
"BK1024",33555.09159936001
"QN633.01",8913.233786399995
"QN1093",428311.5124075208
"QN371",74387.74283711996
"BK393",51333.551526240044
"QN184.01",53326.94882975999
"BK446",22223.359424159986
"QN1247",144264.4159867202
"QN1215",229280.56853471955
"QN399",41244.00267312001
"BK600",134525.85481872
"SI96.02",184703.64607583964
"BK686",49779.72495647997
"BK700",56481.30897264001
"BK85",118666.74847248002
"BK273",44175.83680944001
"BK297",70329.59869536004
"BK309",25952.557127039985
"BK343",66761.82002448004
"BK345",55396.387271520005
"BK311",32153.997627359986
"QN1161",49422.79147679999
"QN863",28243.476416159967
"QN865",38477.39659344002
"QN1159",106729.2420249598
"BK295",50884.783391520046
"BK383",53465.00274719999
"BK381",92092.55387904
"BK1200",38365.51810752002
"BK828",30153.05195183998
"BK786",39252.18472127999
"BK774",22403.498418720006
"BX422",32719.49843183999
"BX424",44750.535014880064
"BK418",45737.745943680005
"BK420",45668.44027583998
"BK554",30786.023589119995
"BK422",72112.84932240006
"BK438",43885.86319584001
"QN929",315577.80755279964
"BK1104",139638.95943120014
"BK571",48599.34538175992
"BK561",147731.8826001596
"QN1029",141667.1721489601
"QN1039",292768.6480099196
"QN111",39761.54886383998
"QN113",35091.22013999999
"QN117",43465.91822928001
"QN123.01",100120.81653216021
"QN401",35972.335797119944
"QN403",45078.45952031999
"QN415",33561.13029695999
"QN259",30474.45001872004
"QN261",37546.57780991999
"QN293",31791.536416799998
"SI223",268853.7100334399
"BK652",52521.92076240007
"BK654",40354.73477424001
"BK670",45230.54179680006
"BK672",35403.908546880026
"BK674",56455.34257296001
"BK680",40721.63210496001
"BK682",53843.74521551997
"BK529",43412.73123888001
"BK570",57126.54381119997
"BK632",24371.39383776
"BK1010",39227.4957384
"BK1020",56389.12593119992
"BK1022",42329.34243791999
"BK1034",229098.03728688124
"BK39",38687.705850239996
"BK35",19599.56854272
"BK33",31006.04121360001
"BX20",131047.68112992028
"BX2",212492.9427551998
"BX4",377488.1146996802
"BK626",70865.50988160005
"QN660",129228.08218848014
"QN694",216940.74547247987
"QN654",303046.4416478402
"BK896",34404.96860928005
"BK898",55941.77456784008
"BK916",55279.09718352004
"BK928",41833.77439680012
"BK922",43315.949496960005
"QN172",53482.74722784005
"QN188",72330.68372544006
"QN192",66873.62883312005
"QN174",54937.93399487999
"QN176",53827.71944111994
"QN170",63878.55095232004
"QN158.01",100437.54622127992
"BK804",44865.64188144002
"BK802",54324.077158079934
"BK414.01",54451.424000160005
"BK556",48750.38249904003
"BK414.02",80371.18635408008
"BK416",45118.268472960044
"QN954",258517.8287697603
"QN190",51820.595713440045
"QN270",52151.864728320026
"QN260",59914.09952639999
"QN262",46787.318038079975
"QN448",75281.60943647995
"QN456",48652.13753424
"QN454",73303.54113455996
"QN919",152491.9788864
"QN281",59737.07278367992
"QN283",46594.89261647998
"QN285",54067.478961599954
"QN287",45198.420570720045
"QN309.03",79255.09568304002
"QN327",32079.53584079998
"QN337",36983.30667839999
"BX316",54412.77633552002
"BK251",43481.47948847999
"QN289",46274.09841936
"QN267",47816.17275455997
"QN291",58012.258168799985
"BK1110",59250.63246624
"BK1124",51962.76059040003
"BK1128",40464.615844800006
"BK1162",55340.73835055996
"BK1122",48351.456845280045
"BK954",65474.137438560065
"BK960",96667.49440656014
"BK958",60598.77170544001
"BX84",54585.80824751993
"BX86",77158.25084448006
"BX90",224904.57986736
"QN690",93617.41792607997
"QN680",249248.31182495967
"BX405.01",11234.532369600001
"BX405.02",21048.902418240006
"BX407.01",4877.525728800002
"BX407.02",34009.43391648001
"BX397",159792.78751056
"BX415",14315.127498719985
"QN276",37346.65046783997
"BK161",52101.650635199985
"BK129.02",36323.55573983999
"QN476",233563.07351807994
"QN478",234898.27600896088
"BK260",47437.52318928014
"BK274",47894.09517936
"QN384",85009.62610943984
"QN606",64057.31962704
"QN608",61071.81075935992
"QN610",83453.80212431987
"BK232",63559.61481600001
"BK160",30679.626382560007
"BK140",20225.618903520015
"BK142",45486.44322048007
"BK152",58663.67105952
"BK678",59718.65475599999
"BK692",56101.84650576005
"BK720",36837.7043889601
"BK944.02",59442.15208320001
"BK950",75819.35545775994
"QN240",90197.68024944002
"QN238",30258.891740160027
"BK594.01",105380.22020688
"BK594.02",90510.43833359994
"BK596",37190.13207120005
"QN945",548767.5502046399
"BK533",59473.088795520016
"BK688",40076.65274976006
"BK690",43239.28126320005
"BK538",39694.33351440003
"BK544",70549.68599712
"BK760",57890.16034848004
"BK758",77974.93824336003
"BK427",37010.41114032001
"BK425",41696.55660672004
"BK574",34137.616885920004
"BK576",36025.03504656002
"BX152",50478.05388240004
"SI36",153026.26426943988
"QN779.03",107569.41066719998
"QN1451.02",106204.96694448015
"QN1463",85558.93855920018
"QN1467",100848.89765664004
"MN193",18941.257601279995
"MN189",69118.37531136003
"MN187",81322.35090336
"MN191",76351.24858752004
"MN197.01",142873.75038096006
"MN195",79396.95862512008
"MN199",81307.76512607999
"BK349",36731.16782784004
"BK351",37221.695879040024
"BK357",96034.33696320005
"BK353",40433.37719760002
"BK355",23752.427333760003
"BK1150",42926.592856319956
"BX166",73499.63622624018
"BX184",90433.97913168036
"BX164",38923.493765760024
"BX274.01",223992.06298271986
"BX194",401244.7226702401
"BX264",89293.33883232005
"SI244.02",1058505.279114239
"BK94",24121.322079840007
"BK86",74897.96633279989
"SI291.03",833790.848544002
"QN14",44355.92935248
"QN16",40156.52613839999
"QN18",42194.40077231998
"QN20",40732.919824320066
"QN22",29975.955531840013
"QN30",35989.174473120125
"QN595",98163.81399455995
"QN697.01",32041.166885280036
"QN400",62251.21485215997
"QN402",79714.94250527995
"QN398",63641.78755488003
"QN1409.01",75075.78275136002
"QN853",38928.37117536
"QN855",27648.71115408003
"QN857",31469.557705919993
"QN729",45309.27712320004
"QN102",56138.26449744019
"QN166",55047.25764720002
"QN168",59604.50014560004
"QN1193",56427.88972464
"QN1195",59141.37849119997
"QN1203",53369.26616447994
"BK514",55964.79129599992
"BK792",44718.41378880004
"BK284",44709.03058176
"BK288",41975.93927376003
"BK292",93579.28122815993
"BK290",40980.041910720014
"BK296",53079.68738880004
"QN973",199270.42468416024
"BK598",57035.82399263997
"QN526",50820.58739088007
"QN530",68852.76551999997
"QN528",57572.38550016015
"BK660",30668.454792000004
"QN379",48583.20347855996
"QN381",93123.31310784012
"QN373",75347.57059488003
"BK1106",84423.66341040005
"QN972.03",403508.09620800044
"SI132.01",188123.2211721599
"BK267",52315.72246512001
"BK500",33839.02651536
"BK504",39710.15025696
"SI114.01",195806.88322415962
"QN797.01",21893.344600320037
"BX319",171729.20234736006
"BX309",999204.7809412797
"QN972.04",147219.96362400003
"BK858",21566.465254080005
"BX460",104804.50006799996
"BK60",28032.84199872003
"BK50",119467.27074240001
"BK278",46465.66448784001
"BK286",73729.43189568009
"BK176",55359.94605408002
"SI319.02",235979.66739455963
"BK337",62740.69774416
"BK339",50281.61040432002
"BK317.02",43365.373914239986
"BK335",64617.96624767997
"BK319",35083.92725135999
"BK520",63403.305451200074
"BK526",52629.85086912011
"BK492",33600.63731472001
"BK294",62708.901678720096
"QN365",38235.73256064007
"QN695",57944.2299177601
"QN697.02",134866.3444603199
"QN703",64231.16444063993
"QN10",36424.72715039999
"BX232",27488.825022240013
"BX246",39325.99618656003
"BX244",34564.947644160005
"BX238",54216.44898624005
"BX248",93917.6340998397
"QN1451.01",70678.70509392004
"BK331",32851.69945775999
"BK333",61048.00435536001
"BK776",63743.469932159955
"BK486",33463.349847360034
"BK228",32329.58437295998
"BK496",26714.501409599994
"BK307",77073.82520688002
"BK299",48591.33249456002
"BK930",53121.86536896014
"BK934",57471.37666992008
"BK936",48112.185065759986
"BK456",38027.18846160002
"BK530",38046.721325759994
"BK532",58322.62399968004
"BK534",33615.40889808003
"BK220",49069.434764160025
"BX386",107573.4287236802
"BX279",77270.1293303999
"BK1174",30021.013506240004
"BK1178",23249.032211519996
"BK1190",41513.04987695998
"BK424",41120.83646784001
"BK412",41432.50294128
"QN269.01",25388.728577280006
"BK796.01",26043.85758959998
"BK796.02",28823.655900960024
"BK822",49101.11470079997
"QN859",33876.582569279984
"QN1201",44272.22371344015
"SI173",105352.53510095997
"BK377",73138.61501280003
"BK373",50908.032377280004
"BK371",45331.55062704004
"BK379",44321.97329135998
"BK552",33815.103982559995
"BK558",51549.71367456005
"BK572",126535.45015440007
"QN947",66284.20549583991
"QN925",105898.24755792008
"QN470",37611.47058335997
"QN536.01",64598.64241536001
"QN538",61601.172281280036
"QN516",55671.49639871999
"QN534.01",78371.16970896011
"BK82",34285.10046192002
"BK88",10982.230938720006
"BK275",45221.855362559945
"BK566",38435.19538751992
"BK646",33311.26757088009
"QN757.02",128833.31394576008
"QN1181",51221.998200960006
"QN1459",84228.17218848004
"QN180",36407.84202288003
"QN790",68847.14488608003
"QN178",56592.37455696
"QN182",77273.68287167996
"QN186",65364.99959232001
"QN1579.01",312181.82982864
"BK359",35502.64125264001
"BK347",30360.45798863998
"BK900",57245.48292815993
"QN630",43841.43231696001
"QN626",132578.23548816008
"QN8",58305.390485760036
"QN107.01",616413.4820092808
"QN272",36339.55828847998
"QN274",42788.07442368002
"BX162",40295.996827200004
"BX158",33926.47150176001
"BX160",148476.87207791998
"BK762",55383.84536111995
"QN525",35787.34261871998
"BX387",16487.525734560008
"BX389",11954.484478080023
"BX68",33345.270083519994
"BX54",25573.117885920015
"BX64",42805.516969440054
"BX50.02",10666.964472479995
"BX56",30126.086844479985
"BX62",66424.72134384011
"BK1126",41686.75533600007
"BX451.02",58927.53891888002
"BX235.01",12033.893351519997
"BX233.02",10063.396647360003
"BX379",42546.549745439996
"BX235.02",16128.710968320007
"BX381",47731.07356992003
"BX241",30334.538040479994
"BX233.01",19894.628597759965
"BX216.01",28056.62517696
"BX236",15324.68160864001
"BX210.01",87941.92476095991
"BX216.02",49517.73838368
"QN309.02",100558.27372176001
"BX161",33170.31043344002
"BX359",17340.793705440006
"BK494",50147.57454336003
"BK488",35326.195153920016
"BK490",52028.04820175997
"QN147",30254.80400640003
"BX285",40927.08717792001
"BX295",59391.14831424006
"BX274.02",181847.59759439994
"BX96",123857.00905968001
"BX40.01",31841.657606880064
"BX78",65571.26756688008
"BX92",64432.32274799998
"BX72",43259.650254720065
"QN713.06",28618.15437648006
"QN713.03",19511.960976000006
"QN713.05",23986.682349120012
"BX266.01",29531.577065759993
"BX266.02",42979.26887999997
"BK588",34769.19497760001
"BX143",21314.628338400005
"BX141",41260.49296272001
"BX173",36868.47852096
"QN184.02",54986.754542400035
"BK568",23380.954528320028
"BK1176.01",30694.79280384001
"BK1172.02",16353.373744799996
"BK1168",24273.49725936004
"BK528",79853.11255152004
"QN939",193030.01135855998
"QN65.02",36779.12902223994
"QN143",24055.29124416001
"QN65.01",26107.10133408002
"QN125",46489.88895552001
"QN598",56304.23577840004
"BK445",40169.76482160002
"SI133.01",27684.13043808002
"QN510",55320.62484240006
"QN512",125050.0466736
"QN532",45348.94672128003
"BK31",144804.71684160014
"BK15",71026.78955903999
"BK29.01",41563.40332464001
"BK185.01",40495.50610559998
"BK301",47921.19964128004
"BK992",37053.86653728004
"QN641.01",19107.22888224
"QN164",55124.34394464
"QN581",26197.403088960044
"QN75",33727.91447952
"QN69",55119.76846991995
"QN71",44494.076172960056
"QN73",37512.761103360004
"BK204",29492.070047999994
"BX224.04",4883.448297599998
"BX228",28578.577681439994
"BX230",25262.543023200036
"BX224.01",7699.6646006400015
"BK219",34874.59347648002
"BX149",32274.655450559992
"BX151",42524.41559616002
"BX300",69267.99565728006
"BK1170",21639.97478447999
"BK932",52128.94090319995
"BX155",18659.761390080002
"BX123",68900.4712310401
"BX153",61177.139580960014
"BX157",88541.0564659201
"BX374",33882.876750239986
"BX376",38498.74106688002
"QN151",29956.747828320033
"BX283",43442.29763135997
"BK52.01",88118.16182783978
"BX121.01",16644.090582719997
"BX125",35891.90499024003
"BX127.01",22254.969683519987
"BX121.02",8474.406276959999
"BK610.02",60867.09891071977
"BX70",41399.66171663999
"BX76",33561.98965008004
"BX69",51355.10503152001
"BX224.03",41045.050812960195
"BX202",27305.573775840036
"BX204",24510.400011359998
"BX206.01",32959.79214480001
"BX222",40045.483779840026
"BK756",59368.43352095998
"BK63",29376.614795039997
"BK51",69279.3066024001
"BK59",77386.8155486401
"MN5",538406.7244747202
"BK47",138289.86793584
"MN9",23314.76111231999
"BK23",97721.80455599999
"BK21",216043.20920303994
"MN15.02",36777.82837968001
"BK1",114438.12725232015
"MN7",16597.52293392
"BK525",43039.121663519996
"BK535",45008.131919040025
"BK545",84711.77896319999
"BK547",96084.20266991996
"BK523",34554.84443856003
"BK551",82736.1958176002
"MN31",41047.69854960001
"MN41",8694.470352959994
"MN43",16785.814170240003
"MN45",2766.5596281600056
"MN29",40877.662760640014
"MN33",33751.97636687999
"MN47",15366.743459999994
"MN37",62493.738238080245
"MN49",19948.210426079982
"MN317.03",120785.17004208005
"MN317.04",130273.45042032005
"MN113",4772.220132960003
"MN119",3600.341186399998
"MN121",31636.783177920006
"MN115",12247.407763200012
"MN111",13158.020135519993
"MN127",35020.19576592007
"MN129",91937.15031888
"MN117",55382.962782239985
"MN15.01",28190.01071664002
"MN21",37014.12726192002
"MN13",71843.1517972801
"MN16",22541.36653008
"MN25",48905.34476976
"MN8",26453.3277384
"MN27",13711.699028159988
"MN88",28774.78890192
"MN86.01",22647.833413919983
"MN70",47378.76201648
"MN72",27665.52660432001
"MN62",40463.59391135998
"MN78",39807.21070800011
"MN80",29573.824723200014
"MN183",68513.55329520028
"MN185",40919.16719376008
"MN177",36522.20566512001
"MN181",23738.49187776003
"MN261",7634.028602879998
"MN263",8313.846598080007
"MN269",10858.902153120001
"MN255",210106.6120439999
"MN265",25266.235919040002
"MN275",159729.03279935988
"MN271",13786.973716320004
"MN273",45652.762887839985
"MN291",16534.90628496001
"MN283",31037.767601759988
"MN285",10594.128489120001
"MN287",326929.7229134412
"MN311",509712.59863728087
"MN295",18474.88434048
"MN151",85394.6163071999
"MN159",30213.253121759997
"MN155",59808.050706239985
"MN104",13605.510853440008
"MN125",5329.940307840005
"MN96",8004.618829439998
"MN209.01",31177.60990271999
"MN223.01",36793.575444960006
"MN211",152682.40689264
"MN219",49307.312998080015
"MN205",137600.06286383973
"MN213.03",13733.69382288002
"MN217.03",127779.88637520018
"MN203",37286.65832975998
"MN86.02",24651.961018559974
"MN238.01",223048.72551456018
"BX61",41576.43297600008
"MN210",76300.61643072001
"BX51",130085.39144159993
"BX39",55620.07456607995
"BX63",266670.4653676799
"MN106.01",26279.343570240002
"MN106.02",17637.247306080015
"MN110",28252.32543071998
"MN116",43862.82324192002
"MN118",33699.11453711997
"MN184",43344.77266511999
"MN174.02",13512.561361920005
"MN180",53392.886762400085
"MN182",39943.615596479984
"MN186",42432.83642448001
"MN174.01",20695.336673759997
"MN170",49845.45385728
"MN166",29375.15157215999
"MN172",24104.483403840037
"MN168",46368.76661712001
"BX269",126475.36511328003
"MN309",85884.12242496008
"BX261",70365.15733392007
"MN307",14967.306839520008
"MN303",51595.677453599965
"MN299",92688.50365488003
"MN297",714096.4066430397
"BX211",37294.39250783999
"BX221.01",11188.800848159995
"BX219",22348.104981120006
"BX199",38404.769641919964
"BX195",55919.87267615997
"BX193",73912.40443296029
"BX197",23200.44392160003
"MN124",16048.582096319984
"MN132",32133.396378240053
"MN136",36124.30194480004
"QN37",194306.08106448012
"MN238.02",146022.4434384001
"QN19",250460.83585152033
"BX263",54262.90050624001
"BX253",32017.383707040037
"BX257",57850.00300944004
"BX255",39468.39332111999
"BX23",41525.63823888
"MN242",68585.15831328006
"MN138",26898.68168640003
"MN146.01",10900.081425600003
"MN146.02",19575.3673008
"MN144.01",17240.295841920008
"MN144.02",70789.79390400003
"MN152",61126.646778720016
"BX375.04",51289.93354896006
"BX385",29589.130499040013
"MN82",17318.938265280016
"MN84",29885.026681440024
"MN94",4284.479172959997
"MN109",4281.390146879999
"MN76",7219.077174720004
"MN101",6333.850558079997
"MN30.01",12613.050902879984
"MN14.02",16704.05949504
"MN18",31738.093943039992
"MN36.01",24923.632733280014
"MN14.01",38597.3808696
"MN148.01",5443.282016640006
"MN150.01",5437.359447840002
"MN150.02",17615.554446240003
"MN160.01",23795.278860959985
"MN154",41730.55911936003
"MN148.02",14206.825779840003
"MN158.01",24315.721691040006
"MN163",108697.5322819201
"MN167",67495.87016927998
"MN171",65346.62801615998
"MN175",65076.86081376001
"MN99",227059.44265439993
"MN225",85532.13603215998
"MN229",55782.445854240024
"MN233",92785.26217104001
"MN237",115751.21881968004
"MN245",17623.195721279986
"MN247",101569.96460160002
"MN241",24233.316694559948
"MN56",30724.754034240035
"MN64",25253.020461599994
"MN66",42121.86672383996
"MN50",28274.87764368001
"MN68",14140.37688048001
"MN52",16444.163240639995
"MN48",41166.12669984012
"MN223.02",7087.944533759998
"MN227",28979.01300960004
"MN231",49573.13182127999
"MN232",26657.458943040063
"MN259",10856.254416480002
"MN221.02",16200.03727728
"MN230",26951.357710080003
"MN24",89018.83357487997
"QN7",260020.88382815995
"QN85",53688.899073600005
"QN25",155758.89106224003
"QN47",89947.02784752002
"QN45",89606.70078624
"QN43",75907.65979727988
"QN39",33922.453445280014
"QN79",44744.93760671999
"QN77",33518.232318240036
"QN83",62263.52450496006
"QN81",33162.065288640006
"QN115",42290.69477327997
"QN101",51099.92360640003
"QN97",48493.87720560006
"QN103",98419.83154704
"QN95",43022.88685728003
"QN99",167545.17458640024
"QN91",89302.02526656003
"QN105",90141.8222966397
"BX33",32796.60795504002
"BX41",55083.95434799995
"BX25",28842.84037872004
"BX27.01",30711.352770720005
"BX27.02",23091.886719359998
"BX31",24669.519693120008
"MN240",1127265.16482
"MN188",24647.664252960014
"MN192",56699.189827199974
"MN194",43522.054891199965
"MN198",81612.97483824003
"MN196",23176.428485760014
"MN162",69414.41084832004
"MN178",69008.98198176001
"MN164",55030.39574543992
"MN158.02",5496.329652479999
"MN160.02",4642.41136032
"MN156.01",7509.817238400004
"MN156.02",30658.49094096
"BX213.02",46602.60356880011
"BX227.02",10778.541023520003
"BX205.01",96997.34665008007
"BX201",92642.1218121601
"BX213.01",9158.05652255999
"BX217",39721.391524799976
"BX209",24948.62365104001
"BX59.02",10760.541059519996
"MN236",55460.79230399998
"BX215.01",13436.543449440012
"BX53",17673.270459839998
"BX205.02",31934.76967872002
"BX215.02",23441.434407360022
"BX245.01",22693.588161120006
"MN12",31255.71813359998
"MN22.01",45204.714751679974
"MN22.02",11053.092732480009
"MN10.02",108133.70373215988
"MN26.01",27817.9572672
"MN30.02",17670.808529280006
"MN169",26228.22367248
"MN165",56046.98726064002
"MN179",79930.31497776003
"MN173",42873.49876896001
"MN226",30716.044374240017
"MN215",9373.568349600006
"MN224",64412.44149743997
"MN228",32915.01287951999
"BX243",45516.845740320015
"BX245.02",23783.387271839987
"BX247",69044.09933087998
"BX249",87178.44757824008
"BX251",61294.77805535997
"BX401",62171.4111408
"BX265",45682.120248480016
"BX237.02",10618.980052320003
"BX237.03",23608.032783840015
"BX239",43267.059272159975
"QN87",137390.33425104007
"BX189",101054.42240688019
"MN97",56827.79086032005
"MN103",13036.82811984
"MN6",59601.968537760054
"MN10.01",28910.682823679992
"MN2.02",119062.81735776033
"MN2.01",19687.80320495998
"MN206",26519.706960480045
"MN208",33752.48733360004
"MN200",21097.583611199992
"MN212",31441.617116640045
"MN98",34740.720195840004
"MN100",9720.421849440003
"MN90",30656.934815040004
"MN86.03",26672.555687040032
"MN108",21977.77023791995
"BX183.01",8279.751182400012
"BX183.02",18412.407046080025
"BK565",145887.08370912
"MN44",170854.68280608003
"BK563",240192.84348432004
"MN60",60890.464025280075
"BX83",36959.01253344007
"BX227.03",5931.092653920009
"BX227.01",20146.999705920003
"BX287",23925.6682776
"BX277",40263.03947376005
"BX289",24622.255271520004
"BX301",97145.38764432012
"BX307.01",177843.6391507201
"BX297",65378.72601648002
"BX293.02",246515.94051551976
"MN220",23606.96439888001
"MN222",20370.43151711999
"MN257",13016.528805600037
"MN201.02",11375.48950704
"MN218",22402.151324640014
"MN201.01",4356.920318400004
"MN207.01",3442.4524699200024
"MN134",30743.357868000014
"MN126",27345.591760319967
"MN114.02",12996.183039840009
"MN120",29477.368141920037
"MN114.01",6098.503932
"MN89",51907.4600558399
"MN83",23802.804007200004
"MN75",54581.53470767998
"MN79",58503.11138064005
"MN63",38351.72200607999
"MN87",18338.247194400003
"MN77",41086.34621423998
"MN81",24950.13332544002
"MN71",35989.75511712005
"MN73",40811.02805519996
"MN58",5245.050155040008
"MN93",59375.54060352002
"MN95",7161.291483839994
"MN91",15640.644847680007
"MN39",104233.93604783995
"MN69",65022.76801871999
"MN67",38903.42670911994
"MN235.01",50865.27375311993
"MN234",11023.851500640001
"MN235.02",3897.421882560002
"MN239",13735.226723039992
"MN243.02",83609.39149056005
"MN161",29964.969747359995
"MN197.02",5192.374131360004
"MN216",18577.681554240033
"MN112.03",2041.0797887999986
"MN112.02",3143.049197760002
"MN28",40079.02177728012
"MN34",29912.015014560035
"MN20",55416.524005439984
"MN26.02",27553.485538080015
"MN55.01",37929.059625600006
"MN59",14372.262868320033
"MN38",32366.977846559985
"MN57",5865.340527360004
"MN55.02",8841.651994079999
"MN36.02",20955.60454031998
"MN42",8014.489777440003
"MN293",10788.202939679994
"MN74",8087.488341119987
"BX115.02",60115.002350399984
"BX420",14027.639041440001
"BX408",11248.351696799993
"BX210.02",82971.31018608001
"BX52",30577.31690975999
"BX237.04",19668.66517872002
"BX383.01",24053.804795520016
"BX383.02",34645.21587072011
"BX267.02",44014.37132592003
"BX273",39308.41428624005
"BX267.01",10047.881839680012
"BX403.03",14706.713812320024
"BX403.04",8200.551340800008
"BX403.02",4147.934929919999
"BX293.01",207701.8633051202
"MN1",163272.58700256015
"MN319",75029.54026319999
"BK549",84641.42813616004
"MN54",8278.009250399997
"MN277",21486.754445760023
"MN279",28489.692697919985
"MN281",43756.86732480002
"MN267",6216.769501920006
"MN249",8479.58562144
"MN251",19062.031553280005
"MN253",15050.640866400023
"MN243.01",21830.309887680043
"MN214",39419.08503263999
"MN102",9563.88022703999
"MN92",13393.761599520009
"MN112.01",2932.2521999999994
"MN65",59704.974783360034
"MN40",28505.834601120012
"MN61",13236.128366400006
"MN190",15030.480906720013
"MN32",77142.06248975985
"BX451.01",38437.93602719999
"BX418",52657.74500688007
"BX212",45414.51304176004
"BX119",40851.67313520002
"BX89",23476.92336864002
"BX399.02",21052.20047616
"BX159",25777.086510239984
"BX399.01",26512.46052336003
